itemId,title,price
B00004T7W2,"General Tools, Tülle zum Auffüllen, 6,35 mm, 1261 0, 1261-4","16,00 €"
B00004UDN8,"Stanley 93-301 35,6 cm gelber Tragegriff",
B00004WCCP,"3M Scotch Super 88 Elektro Isolierband, Vinyl, schwarz, 19 mm x 6 m",
B00004WCCL,"3M 33+ Scotch Super Elektro Isolierband, Vinyl, 19 mm x 20 m","8,98 €"
B00004XSFM,"iDesign Orbinni Garderobenhaken für über die Tür, Metall, silberfarben, Kleiderstange für 4 Kleiderbügel",
B00004YOKC,"Move-It 9299 Tri-Dolly, 15,2 cm (6 Zoll) Stahl, 90,7 kg Tragfähigkeit","10,75 €"
B00004Z2HD,Arrow 160726 JT21 Box 1000 Tackerkla mmern 6 mm,
B00005IBW1,"Rembrandt Toothpaste, Intense Stain, Mint Flavor - gegen Zahnverfärbungen","15,81 €"
B0000AN3UB,Slim Guide Caliper Körperfettzange Körperfettmessgerät Fettmesszange (Schwarz),"20,99 €"
B0000VM44Y,"Wilton Kuchenstützen aus Kunststoff, 4 Stück","6,02 €"
B00011Q5QG,Fluke TL71-1 Prüfleitungs-/ Messleitungs-Set,
B00022749Q,"SHOULDER DOLLY 2 Personen Tragegurt, Transportgurt, Hebegurt zum Ergonomischen und Eifachen Heben Von Gegenstände bis zu 370 kg und 3,65 m Länge: Möbel, Haushaltsgeräte und vieles mehr","29,23 €"
B00023RXFK,"Extech Leitfähigkeit-/TDS-/Salzgehalt-Messgerät, 1 Stück, EC400","95,90 €"
B00027CCCU,Spinbrush Pro Whitening Supple Battery Toothbrush Green - Farbe: Grün,"13,32 €"
B00028PDO8,Trinkwasser Wassertest (10 versch. Tests in 1),"27,99 €"
B0002E1I6Y,RocknRoller Multifunktionswagen R10RT 34 Inch schwarz,"184,91 €"
B0002KX76M,Elenco 1% 1 Watt Resistor Substitution Box,"42,33 €"
B0002UEPVI,Permatex 230-80050 # 66 Clear Silicone Adhesive 3 Oz Rohr,"19,18 €"
B0002YVMVK,Dap Klar Kwik Seal Plus-Kitchen & Bath Alleskleber Caulk 18546,
B00062N464,"NCD Medical/Prestige Medical  Lister Verbandschere, Griff Lila","9,85 €"
B00062N4K0,"NCD Medical/Prestige Medical  Set mit Aneroid-Manometer und Doppelkopf-Stethoskop, Schwarz","47,01 €"
B00062N40A,"NCD Medical/Prestige Medical Doppelkopf-Stethoskop, Schlauch in Schwarz","18,47 €"
B00062N47S,"NCD Medical/Prestige Medical Verbandschere, 14 cm, Petrol","9,93 €"
B00062N3ZQ,NCD Medical/Prestige Medical 57-ROY Dressing Scissors Sharp Blunt - Royal Handle,
B00062N4J6,"NCD Medical/Prestige Medical  Premium Aneroid-Manometer mit passender Aufbewahrungstasche, Lila","34,88 €"
B00062N45K,"NCD Medical/Prestige Medical  Lister Verbandschere, Griff Schwarz","9,93 €"
B00064GSOC,"Planetary Design - Double Shot - French Press Kaffeebereiter-Tasse isoliert - 14oz / 0,39l - blau",
B0006SL0VO,Plasti Dip Flüssiggummi Dose Rot - 429ml - Original Performix USA,"14,00 €"
B00070FYZE,Wedge-It - The Ultimate Door Stop - Black by Wedge-It,"10,25 €"
B0007LQH86,Seville Classics Professioneller Arbeitstisch mit Arbeitsplatte aus Edelstahl,"136,46 €"
B0009NWD80,"3M Littmann 37812 Soft-Ohroliven zum Aufstecken, groß, Grau set",
B000B868NE,"TerraLUX TLE-6EX-CNC MiniStar5 LED Upgrade for Maglite 4-6 C&D Cell, 140 Lumen",
B000BQR55G,Original Shoe Goo CLEAR - 110ml/3.7oz Tube by Shoe Goo Original,
B000BQS7FI,Rundmagnet 51 x 6.5 mm bis 11 kg Power Magnet rund Super-Stark verchromt,"4,06 €"
B000CHSHYW,Plastic Surgery Super Glue-3 Grams/ Sold as a pack of 6,"8,69 €"
B000EJ332O,Fluke 1AC II VoltAlert Spannungsmesser – Berührungsloser Spannungsprüfer Pen Cat IV 1000 V,
B000F4OYMQ,"3M Littmann Lightweight II SE Pfleger-Stethoskop, Burgunder","58,89 €"
B000F4OYIK,"Littmann 2298 3M Select Stethoskop, Königsblauer Schlauch",
B000F4OYEE,"3M Littmann 2161 Master Cardiology Stethoskop, Black-Edition, schwarz","230,73 €"
B000F4SP30,"3M Littmann 2144L Master Classic Ii Stethoskop, Schwarzer Schlauch","103,27 €"
B000F4UOXY,3M Littmann Stethoskop Cardiology III Dual Frequency Schwarz - Silber,
B000F4UP10,"3M Littmann 2119 Classic II Kinderstethoskop, Karibikblauer Schlauch","94,13 €"
B000F4UP6A,"Littmann 3135 3M Cardiology III Stethoskop, Pflaumefarbener Schlauch",
B000F4W1GW,"3M Littmann 2160 Master Cardiology Stethoskop, Schwarzer Schlauch","215,85 €"
B000I3PUE0,MDF® MD One® - Premium Zweikopf-Stethoskop aus rostfreiem Stahl -   Pastelllila (MDF777-07),"59,10 €"
B000IBOOU8,PL NoName Gleisschneider 2175 B,"19,95 €"
B000IFNOVY,"MDF® Sprague-X überarbeitetes Sprague Rappaport Stethoskop mit austauschbarem Bruststück für Erwachsene, Kinderärzte und Säuglinge - Lila (MDF767X-08)","54,69 €"
B000J0HDUG,MDF® Trömner neurologische Reflexhammer mit spitz Griff für Haut- und oberflächliche Antworten - Rot (MDF555-02),"31,42 €"
B000JJPA66,"WAGO 222-413 CLASSIC-Verbindungsklemmen, 3-Leiter, 50 Stück","15,30 €"
B000JM6AG2,MDF® leichtes Einkopf-Stethoskop - Königsblau (MDF727-10),"12,97 €"
B000K7IWDK,"Neiko® 50484 Hex/Allen Head Socket Schraube Sortiment, Stahl | 200 Teile Set",
B000KBU66W,"3M Littmann Snap Tight Soft-Sealing Eartips Parts - Large, Black","13,99 €"
B000KE4PBQ,Dap Dow Corning Silicone Rubber Aquarium Versiegelung 00688,"21,93 €"
B000LN12Y4,"Lee Precision 90026 Blei-Löffel, Mehrfarbig, Einheitsgröße",
B000M5YYIW,ATD® Werkzeuge 350 555 TLG. Splint Sortiment,
B000NDGV1G,Proxxon 28608 Feinmechanikerschraubstock FMZ,
B000NIG1Z2,Aquaseal-Reparatur-Klebstoff und Dichtstoff-.75oz fr Taucher und Neopren Reparatur,
B000NOC52Y,Common Cold Plush Doll,"16,85 €"
B000OL8PA2,Eco-Dent Zahnpulver Zahnsteinschutz 60 ml,"13,03 €"
B000OLE96G,"Eco-Dent Daily Care Baking Powder Toothpowder, Original Mint, 2 oz (56 g) by Eco-Dent",
B000P1ALOO,"3M 471 Hochwertiges Weich-PVC-Klebeband, 12 mm x 33 m, Blau (1-er Pack)","32,45 €"
B000QDRRNE,"JVCC FELT-06 Polyester-Filzband: 3/4 in. x 75 ft. (1mm dicke, Schwarz)","12,19 €"
B000QJ3G42,"Fluke Netzwerkkabel-Prüfgerät MicroScanner 2 Cable Verifier, 76 x 36 x 163 mm, AA, 0-45°C, 0-90%, -20-60°C, koaxial",
B000QZ1LZM,"MDF® Acoustica luxuriöses, leichtes Zweikopf-Stethoskop - Weinrot","26,86 €"
B000UV6ZPS,"Unbekannt CMS Magnetics Sichtfolie, magnetisch, 10,2 x 15,2 cm, Grün",
B000VTQM70,"HM Digital TDS-3 Handheld TDS Meter mit Tragetasche, 0-9990 ppm TDS Messbereich, 1 ppm Auflösung, 2% Ablesegenauigkeit","19,99 €"
B000ZH7G1E,Rilevatore fantasmi EFM,
B0010EED30,"Master Lock 488 Drehbare große Verriegelungsvorrichtung für elektrische Steckverbindung, Red, L","20,17 €"
B0011E1FU8,"MDF® Acoustica luxuriöses, leichtes Zweikopf-Stethoskop - Marineblau","26,76 €"
B0011E3CMM,"MDF® NEO™ - leichtes, luxuriöses Zweikopf-Stethoskop für Säuglinge und Neugeborene - Alle Schwarz (MDF787XP-BO)","41,38 €"
B0011E8DG2,MDF® MDF747XP Acoustica Zweikopf-Stethoskop - Schwarz,"26,93 €"
B0011X2GOI,Carson MagniFlip Taschenlupe 3-facher Vergrößerung und fest montierter Schutzhülle,
B0012NI67S,MDF® Babinski neurologischer Reflexhammer mit eingebautem Pinsel für Oberflächenreaktionen -  Schwarz (MDF535-11),"14,27 €"
B0012NJYE2,MDF® Pulse Time 2-in-1 digitale LCD-Uhr und Einkopf-Stethoskop - Alle Schwarz (MDF740-BO),"53,95 €"
B0012OELRG,Menschliches Skeleton Modell durch Learning Resources,"28,58 €"
B0013CM0KW,"Rubbermaid Commercial Products FG354060GRAY Slim Jim Recyclingbehälter mit Lüftungskanälen, 87 L, B558 mm x T279 mm x H762 mm, Grau",
B0013HT2QW,Kimtech Science KimWipes Delicate Task Wipers; 4.4 x 8.4 in. (11.2 x 21.3cm); 1-ply 280 count,"9,64 €"
B0013N6MFU,Tormek TT-50 Abdrehvorrichtung,"70,21 €"
B0013ND6PE,GUM Flosbrush Halter m.Zahnseide mint,
B0013P6ZJQ,Zelle Sensor EMF Erkennung Meter,"63,31 €"
B0016GHKLO,Apagard Smokin toothpaste for smoker 100g | the first nanohydroxyapatite remineralizing toothpaste (japan import),
B001AO9IRG,"3M Scotch Klebeband, 2x10FT, 1","27,76 €"
B001AQEZ2W,"iGaging IP54 Electronic Digital Caliper 0-6"" Display Inch/Metric/Fractions Stainless Steel Body by iGaging",
B001AZKS4W,"Scott Falthandtücher, Papierhandtücher mit Airflex*-Absorptionstechnologie, 1-lagig, 16 Packungen x 250 Blatt Papier, Weiß, 1804",
B001B19FDK,Scotch 10457DS Electrical Tape by Scotch,
B001BSK3NO,"TP-Link TL-ANT24EC5S Antennen Verlängerungs-Kable, SMA, Male-auf-Female, 5 Meter",
B001CTCHDG,"NCD Medical/Prestige Medical  Doppelkopf-Stethoskop, Schlauch in Petrol","18,47 €"
B001CTCGS2,"NCD Medical/Prestige Medical 126-F Stethoskop, Schlauch in Tiefschwarz","40,71 €"
B001D7FF5E,"Nasco PTC Papierstreifen, begleitet von 100",
B001EHAZGW,"HM Digital Messgerät DM-1 Inline-Dual TDS-Monitor-Messgerät, 0–9990 ppm (0-0,999%), -2% Anzeige-Genauigkeit","22,76 €"
B001ESE2EC,Jason Natural Products Nur für Kinder Erdbeer Zahnpasta 124 ml,"11,04 €"
B001FQ74FW,Ernie Ball ep06102 Pack 4 Rollen für Verstärker/Lautsprecher,
B001HRMJ54,"3M Littmann Classic III Stethoskop, Perlmutt, 5633","96,96 €"
B001IRVCJC,"Velleman Dissipative Antistatik-Tischmatte mit Erdungskabel-30 X 55 cm, weiß",
B001J4NDXW,"Nalgene Uni Wasserbeutel und Kanister Faltflasche, PE Trinkflasche, Transparent, 1 Liter","16,95 €"
B001NNRWPY,"Scotch Brand 190T 021200505034 Scotch Superdünnes wasserfestes Vinyl-Kunststoff-Klebeband, 1,9 cm x 31,5 cm, 5er-Pack, Grün, Gelb, Blau, Weiß, Rot, Pack Of 5",
B001OMQK6Q,"SKS GERMANY AIRCHECKER (AV / SV) 2. Generation Druckluftprüfer für Fahrräder (hohe Messgenauigkeit, Ventilanschluss: AV & SV, digitale Anzeige, beleuchtetes Display, Druckablassknopf), Schwarz",
B001PILFVY,"Scotch Sekundenkleber, flüssig, 0,2 l (AD114), 4 Stück","9,01 €"
B001PMRTN8,Eucryl Zahnpulver Freshmint 50g,"6,46 €"
B001T8MTWO,Jason Organic Toothpaste Gel CoQ10 Healthy Mouth Tartar Control Anti-Cavity 170g,"12,62 €"
B001ULDAAU,"NCD Medical/Prestige Medical  Clinical I Veterinär-Stethoskop, lila","41,89 €"
B0026K6KME,"NCD Medical/Prestige Medical  Blutsperremanschette, tropisches Muster","12,79 €"
B0029XS6KW,"Beha Amprobe TL36A Sicherheits-Messleitungs-Set [Prüfspitze, Krokoklemmen - 4 mm-Stecker] Schwarz, Rot",
B002DW12NC,MDF® Queen Square neurologischer Reflexhammer mit zugespitztem Ende für Oberflächenreaktionen - Schwarz (MDF545-11),
B002DZRFIK,McNett Seal Cement for Wetsuits and other Neoprene Products (Black) - 4 oz.,
B002OW05KC,"Spectrum 33200 Plastiktütenhalter, Weiß","6,89 €"
B002P5W4RU,GELID Solutions GC-Extreme 3.5gr mit Werkzeug - Wärmeleitpaste für Kühlkörper | Maximale Wärmeleitfähigkeit |Einfache Anwendung,
B002WJHEHY,"NCD Medical/Prestige Medical Fluoridbeschichtete Verbandschere, 14 cm, Schwarz","9,75 €"
B002WJHEL0,"NCD Medical/Prestige Medical  Hüftclip, Königsblau","6,00 €"
B002WJHE7E,NCD Medical/Prestige Medical 607-BLK 7 1/2 inches Premium Fluoride Scissor,"11,70 €"
B00315EWC8,Spiderman 3D elektrische Kinder Zahnbürste aus USA,
B0033SHDSS,Milty Zerostat 3 Anti-Static,"65,00 €"
B0037LGBU2,"Oral-B Pulsar 3D White Advanced Vivid Soft Zahnbürste, 1 ea","7,77 €"
B0037MK954,"Kutzall Original Kugelnase Grat, 1/4"" Schaft (6,3 mm) - fein, Wolframkarbid-Beschichtung: 1/4"" (6,3 mm)","16,85 €"
B0037MOAQS,"Kutzall Original sphere Grates - fein, Wolframkarbid-Beschichtung - 1/8 (3,1 mm)","15,65 €"
B003A3VSOG,emmi-dent Aufsätze (E4),
B003CIP4GW,"Kreg PROTEC-KOTE Deckschrauben 2 ""Nr. 8 (PK 700)",
B003CYBF5K,"Weleda 9802 Kinder-Zahngel, 50ml",
B003F76A72,"Unterarm-Gurte zum Heben schwerer Gegenstände, orange, Modell L74995CN, L74995P",
B003O509PY,Portta Audio Converter Konverter Digital Coax Coaxial Optical Toslink zu Analog Audio Converter Konverter für DVD Player Speaker Earphone etc,"15,99 €"
B003V71R6A,Stormsure Klebelöhre 15g,"11,95 €"
B0043YHD4A,Spear Jackson & 230 mm (22.86 cm) backen Quick Release Schraubstock für Holzarbeiten,"94,49 €"
B00445SSDS,"3M Littmann Stethoskop Cardiology III Dual Frequency, Messing Edition",
B00445SSD8,"Littmann 3137CPR 3M Cardiology III Stethoskop, Kupfer-Edition",
B004460S1W,"3M Littmann 3138 Cardiology III Stethoskop, karibikblau",
B0046E705O,"BreakFree Waffenöl Synthetisches Break Free CLP 7, Transparent, 4-CLP-7-4","155,92 €"
B004769M8E,"Xlear Inc (Xclear), Kids Spry, Tooth Gel with Xylitol, Strawberry Banana, 2.0 fl oz (60 ml)","15,40 €"
B004C12Q46,3M Animal Care Vetbond Tissue Adhesive Strong Bond Reusable Applicator Tips,"29,66 €"
B004CI9NRM,"LAN Scout Junior-Tester VDV526-052 Klein Tools, gelb","50,68 €"
B004D936NM,"Pikster Interdental Brushes (40 Pack, Size 0 (Grey))","10,78 €"
B004EFXO28,Oral-B Advance Power DB4010 EU Elektrische Zahnbürste,"8,94 €"
B004HR5PJS,TEMO 5 Micron 5gram Diamant Polish Läpppaste Verbindung Spritze Feiner Polish,
B004I19XB4,"MDF® Acoustica luxuriöses, leichtes Zweikopf-Stethoskop - Pastellblau","26,69 €"
B004I1DTIM,"MDF Acoustica luxuriöses, leichtes Zweikopf-Stethoskop - Hellblau (MDF747XP-14)","26,79 €"
B004I1DT1O,MDF®  MDF747XP Acoustica Zweikopf-Stethoskop - Lila,"26,85 €"
B004I1G1LO,"MDF® Acoustica luxuriöses, leichtes Zweikopf-Stethoskop - Pastelllila","26,76 €"
B004M1BO3U,"Philips HX6511/50 Sonicare Schallzahnbürste, weiß","71,08 €"
B004QEZ2U4,"Littmann 3131BE 3M Cardiology III Stethoskop, Black-Edition, Schwarzer Schlauch",
B004S2GVSQ,"Vogue CE038 Bench Dosenöffner, 50,8 cm","88,50 €"
B004SKODTW,EZE Dope Spannlack 250 ml DELUXE,"19,11 €"
B004V3RALO,"3M Dual Lock - flexibler Druckverschluss SJ4570TB, 25mm x 3m, Transluzent (1-er Pack)","21,98 €"
B004Y960MU,"Professional Super Glue, 20 gram Tube",
B0050GWAVG,"BreakFree Waffenöl Synthetisches Precision Shooter, None, 7.5 ml, 4-CLP-PS",
B0050GW7KU,"BreakFree Waffenöl Synthetisches Break Free, 120 ML, Transparent, 4-CLP-4",
B00524H98U,"Carson Taschenlupe mit LED-Beleuchtung in der Vergrößerung 2,5x/4,5x/6x","10,57 €"
B00535HMQM,Dr. Mom Edelstahl LED Otoskop mit Koffer,
B0055E8620,"AmScope PS100E Biologie-Mikroskop-Objektträger-Set E für Zuhause, 100 Stück",
B005756516,"VELCRO Brand Extreme Outdoor Heavy Duty Klebeband | 3 m x 2,5 cm | hält 6,8 kg | Titan Industriestärke selbstklebende Rückseite Rollen | Stark witterungsbeständig für Ziegel, Beton (91365)","16,73 €"
B0057M1384,Velleman Elektronische Grille MK104 Bausatz 9 V,
B0057OC5WK,SainSmart 8-Kanal Relais Modul,"10,99 €"
B005A7U9ZY,Wasserwerk Gesamthärte Wasser Teststreifen (50 Streifen),"16,27 €"
B005AIQQEQ,"Mölnlycke Tubigrip F Natürlich, 10m, Elastischer Schlauchverband","26,77 €"
B005DJJGSK,DealMux 2 Pcs 12 Position Überdachte Barriere Schraubklemmenblock 600V 15A,
B005DNQX3C,"MG Chemicals 824 Isopropylalkohol Elektronikreiniger, 945ml Flasche","24,61 €"
B005EXZO9U,"3M Littmann 2176 Master Cardiology Stethoskop, Smoke-Edition, schwarz","243,68 €"
B005FU5HFI,"Pyle Digitale Manometer mit 11 Maßeinheiten, PDMM01",
B005HIJCB8,TP-Link TL-ANT24PT3 WLAN Adapterkabel 3m schwarz,
B005HO1Z58,THREE PACKS of Euthymol Original Toothpaste [Personal Care],
B005HOPRRK,"Uni-T 7720068 UT200 90-Serie Digitale Strommesszange, 400 A, rot/grau",
B005KD52SM,"Rubbermaid Commercial Products FG421288BLA Boden und Teppichkehrgerät 421288B der Baureihe Executive, aus verzinktem Stahl","69,23 €"
B005NHF94W,"Littmann 3148 3M Cardiology III Stethoskop, Himbeerroter Schlauch",
B005P52WPG,"VELCRO Brand Verbindungselemente in Industriestärke, extreme Wetterbedingungen im Freien, robust, hält bis zu 6,8 kg auf rauen Oberflächen, 10,2 x 5,1 cm Streifen, 2 Sets, Titan",
B005T8VHCS,"MG Chemicals 415-4L Eisenchlorid, Dunkelbraun",
B005UA2WNI,Imprint CumulusPRO Commercial Grade Standing Desk Anti-Fatigue Mat 24 in. x 36 in. x 3/4 in. Brown,"119,95 €"
B005UYVIXO,J-B Kwik Weld Professioneller Epoxidkleber,"68,99 €"
B0061OUGRQ,"Heathrow Scientific HD15994G Präparatakasten mit Korkeinlage für 100 Objektträger, ABS, 208 mm Länge x 175 mm Breite x 34 mm Höhe, Schwarz","14,98 €"
B0063LI3W2,MDF® Dual Head Zewikopf leichtes - Stethoskop - Blau-lichtdurchlässig (MDF747-IIC),"16,19 €"
B006IPH5H2,Audioengine D1 24 Bit Premium USB DAC und Kopfhörerverstärker,"199,00 €"
B006R9OTS2,"Loc-Line 78002 Kühlwasserschlauch-Montagezange, für 1/2 Zoll Kühlwasserschlauchsystem,","12,36 €"
B006TCLQ9M,"Glue Dots Doppelseitige Mini Klebepunkte, 21 Perforierte Bogen mit 252 Punkten, Permanent, Rund, 5 mm, Vielseitige Verwendung, DIY Basteln, Karten Gestalten und Verzieren","8,75 €"
B006Z6YWIO,10 PCS Silber Tone Metall Hintern Scharnier für Fenster Schrank,
B0070YPDDS,Primacare LED Penlight/Pupillenleuchte mit Pupillen-Maßstab,"9,49 €"
B00722PHSO,"Kühlschranktürschloss mit Vorhängeschloss, Schwarz","26,47 €"
B00756OF7Q,Fineline Applikatoren Kunststoff Fine Line W/leer Flasche 18 Gauge Twin pack-1.25 Unzen 2 kg,"12,23 €"
B0077B3L42,"Cranstein A-210 Schädel - Modell für Anatomieunterricht, 3-teilig","30,00 €"
B007DDGYF2,genericnew Elektromagnetische Strahlung Detektor EMF Meter Tester,
B007KDYOMU,TDS u. Temperaturmesser ATC PRO HM Digital (AP-1),"26,11 €"
B007PP26RI,"J-B Dichtungskitt, temperaturbeständiges Epoxidharz",
B007QAJUUS,sourcing map 50 Stück 3mm hohe Knopf 3 S 2 Position 1P2T SPDT vertikale Folie Schalter 0.5A,"6,55 €"
B007UONMJU,Bloccs – Langer wasserdichter Armprotektor für Gipsverbände (Kinder),"19,50 €"
B007WAKZGA,2x100 G. Dentiste Plus White Vitamin C & Xyitol Gum Toothpaste Made in Thailand by Dentiste,"24,13 €"
B007XRCUGK,Krokodilklemme Krokoklemme Bananenstecker Tastkopf Probe Zündkabel Kabel 90cm de,"2,22 €"
B007YBEHIO,SODIAL(R) Schwarze 20X Reparatur Brille-Lupe mit LED-Licht,
B007YV18O0,Cranstein A-111 Skelett-Modell lebensgroß 180cm mit Anatomieposter - Anatomie-Modell als Lernmodell oder Lehrmittel,"179,90 €"
B0080L9FHA,"Redmond Trading Company, Earthpaste, Amazingly Natural Toothpaste, Wintergreen, 4 oz (113 g)","16,47 €"
B00813HBBO,Tenflyer Sain Smart-L293D Motor-Antriebs-Schild f¨¹r Arduino Mega Duemilanove UNO R3 AVR ATMEL,
B00823JDIW,"tapecase 3/4–36–423–5 423–5 UHMW-Klebeband 3/10,2 cm X 36YDS","28,73 €"
B00837ZGRY,"Etekcity Digital Laser Infrarot Thermometer IR Pyrometer berührungslos Temperaturmessgerät Temperaturmesser, -50 bis +380°C, LCD Beleuchtung, Gelb/Schwarz, Lasergrip 774 (8380 old)",
B00843OUNI,2 PCS einzeln geschirmt 608Z Miniatur Rillenkugellager Kugellager,
B008H1EAOQ,"RIDGID 40043 micro CA-25 Hand-Inspektionskamera, Inspektionskamera, Boroskop, Endoskop, 17 mm Kamerakopf","99,90 €"
B008KHRLKW,BrushBuddies Lady Gaga featuring (geboren dieser Weg & Bad Romance) 00329-24 singen (in Englisch) Manual Zahnbürste,"24,57 €"
B008LTIYQE,sourcing map sourcing map 5 Pcs 3.5mm Jack to 3.5mm Audio Male Adapter Connectors Winkelstecker Eingänge,"8,09 €"
B008MIRQUE,"sugru Formbarer Kleber, Weiß, 3 Stück","8,99 €"
B008SOH2TM,Sourcingmap a12062900ux0478 Batterieclips,
B0092JSK1Q,"Festool Rollbrett SYS-Cart RB-SYS  (Rollen-Ø 100 mm, Tragfähigkeit 100 kg, Grundfläche 360 x 520 mm), 495020",
B009346RSS,"FiiO Taishan D03K Digital Analog Wandler mit optischem Toslink und Koaxial Eingang | Stero Cinch und 3,5mm Buchsen Ausgang","23,90 €"
B0093J2GWO,Spectra 360 Electrode Gel - Parker Laboratories - 8.5 oz Tube - (Pack of 3),
B0094GM004,"Notfall-Stopp-Knopf in Pilzform 1NO, 1NC, DPST, rot, AC 660 V 10 A",
B0096N8OWI,HM Digital PH-80 digitaler pH-Messer/Temperaturmesser,"62,95 €"
B00975PXHE,"Pipetten, transparent-weiß, Kunststoff, 100 Stück",
B0098PNZLO,"Shoreline Marine Kleckse, 3.7-Ounce, transparent",
B009DNE268,"Emmi-dent 6 Ultrasound Toothbrush Erwachsene Wiederaufladbare Schallzahnbürste blau, weiß Elektrische Zahnbürste – Akku, 1 Stück (S), 2 Stück ((S))",
B009ENG6TI,"sourcing map 5 Stück Clip UF-35B Ferritkerne zur Geräuschunterdrückung, zum Aufstecken, für 3,5 mm Kabel","7,99 €"
B009EU5ZNO,JB Weld tra50133-tex Kunststoff Haftvermittler Spritze,
B009G9F6Y6,"3M Littmann 37809 Soft-Ohroliven zum Aufstecken, klein, Schwarz set","18,99 €"
B009IILEVY,Transparent Flache Breite 42 mm Polyolefin 2: 1 halogenfrei Schrumpfschlauch 2 M de,"4,81 €"
B009YLNJ4A,AmScope PS25 Mikrospie Zoologie 25 Stück Lern Experiment Set Dauerpräparate Objektträger mit Holzkasten,"16,99 €"
B00A2G3JSM,"MDF® ProCardial® ERA® leichtes Kardiologie Zweikopf-Stethoskop mit umwandelbarem Bruststück für Erwachsene, Kinder, Neugeborene und Säuglinge - Alle Schwarz (MDF797X-BO)","106,91 €"
B00A2G3G7G,MDF® MD One - Premium Zweikopf-Stethoskop aus rostfreiem Stahl - Rosa (MDF777-01),"59,10 €"
B00ADEJVXK,Inkbird 220V ITC-100VH PID Temperaturregler Thermostat Omron Relais Ausgang mit K-Typ Thermoelement Temperaturfühler,"36,99 €"
B00APD16D2,"Extech Kabel-Prüfgerät und Tongenerator, 1 Stück, TG20","28,94 €"
B00AQKIEXY,FLUKE 323 ZANGENMULTIMETER AC TRMS,
B00AZF36R4,MDF® Babinski Telescoping 2.0 Neurological Reflex Hammer with built-in brush for cutaneous and superficial responses - Black,"36,70 €"
B00B28Z2AC,"FiberFix 857101004013 Reparatur-Wrap, schwarz, 857101004006","10,64 €"
B00B7SCZ9S,"Littmann 3152RBW 3M Cardiology III Stethoskop, Regenbogen-Edition",
B00B7SCWSC,"Littmann 3157SM 3M Cardiology III Stethoskop, Smoke-Edition, Schwarzer Schlauch",
B00B84DGDA,"EISCO Premium Quantitatives Spektroskop, 5 nm Genauigkeit",
B00BCH4WTA,"Chemical GuysProfessional Heavy Duty Sprayer, 946ml Leerflasche plus Sprühkopf","9,88 €"
B00BHLE6MO,"eisco Polypropylen Buchner Trichter, 11 cm",
B00BKVPU08,Nite Ize MicroLock S-Biner Mini Karabiner Schnapp Haken Schlüssel Ring Anhänger,
B00BXUQUBY,10 Stück Mini Schrank Schublade Hintern Scharnier,"2,99 €"
B00C66KT6Q,"Nielsen Products Ready Lifter 2 Personen Tragegurt, Transportgurt, Hebegurt für Gegenstände bis zu 260 kg, NP8500",
B00C7U17US,Prima Arta - Gallium 99.99% - 20g,
B00CAUFXZK,Möbel Gitterbett Bolt Allen Kopf Mit Barrel Nut 6Mm M6 x 100mm Zp ( 4er Pack ),"7,04 €"
B00CGV6TZG,Vktech 10Stk. 4x6cm Lochrasterplatte Lochrasterplatine Leiterplatte Streifenraster Platine PCB Board,
B00CHEZ250,MAKKA® 5X 1M Wasserdicht Digital Temperaturfühler Temperatur Sensor DS18b20,"12,99 €"
B00CKL70LO,"Tempir Körper-Temperatur-Thermometer, Hohe Genauigkeit Multi-Funktions Digitales Fieberthermometer Infrarot. Für Oberflächentemperaturen, Stirn, Körper Und Raum. Infrarot Für Baby Erwachsene Kind, Kein Kontakt. Ideal Für Basaltemperatur Lesungen. Aufzeichnungen 32 Zuletzt Temperaturen. Hochtemperaturalarm.",
B00CL6FDAS,Primacare Diagnose- Pupillenleuchte mit Pupillen - 6 Stück,"14,59 €"
B00CWQLV1M,4X Set Edelstahl Spannverschluss Kistenverschluss Kappenschloss 4mm 73mm Neu,
B00CY8ROAA,"A29 (12er-Set) 1 x 1 Zoll runde Eisen-Clavos-Ziernägel, handgeschmiedet, naturschwarzes Finish","12,06 €"
B00D0XJCV2,"Schneckengewindeschelle, Edelstahl, verstellbar 9 bis 16 mm, 20 Stück de","12,89 €"
B00DAITFOG,RADEX by Quarta-Rad RD1212 Advanced Strahlungsmelder/Geiger Zähler,
B00DCAIM28,"6 mm - 8 mm Schaft, CNC Stepper Motor Kupplung Kupplung für Encoder",
B00DMI62HM,"Etekcity Digital Laser Infrarot Thermometer IR Pyrometer berührungslos Temperaturmessgerät Temperaturmesser, -50 bis +380°C, LCD Beleuchtung, Gelb/Schwarz, Lasergrip 774 (8380 alt)",
B00DMI632G,"ETEKCITY Lasergrip 1080 Infrarot Thermometer Laser-Pyrometer, -50 bis 550°C, 2 Jahre Garantie, Blaue Display-Beleuchtung, °C/ °F Umschaltung",
B00DW9JMGO,"SHAVE FACTORY Behälter für Einweg-Rasierklingen, 100 g","8,84 €"
B00DYKPUTY,Paket von 5 Gramm 50 DRY & Dry Packungen mit Kieselgel desecantes Luftentfeuchter 100 Pack weiß,"66,91 €"
B00E0NXTJW,SunFouder 2 pcs Ultrasonic Module HC-SR04 Distance Sensor Ultraschall-Abstandssensor for Arduino UNO MEGA R3 Mega2560 Duemilanove Nano Robot XBee ZigBee,
B00E1IKGC4,B10K 10K Ohm Anpassung Einzeln Geradelinig Dreh- Bänder Potentiometer 5er Packung - 1 Packung,
B00EE9LKRA,"Neopren Gummi Schwammstreifen, Selbstklebend, Schwarz, 40 mm breit x 1.5 mm dick x 10 m lang","15,50 €"
B00EME5KZ0,"Reynolds 50SFx12 Freezer Paper 38,1 cm/15 Zoll Rollenlänge 12,1 m","9,70 €"
B00EV5DC4G,"Umbra Showcase Wandregal – Kleine Regale und Wandablagen zur Präsentation von Deko-Objekten, Weiß, Set mit 3 Regalen","21,95 €"
B00EVVO12C,"Portta DAC Konverter Digital SPDIF Koaxial Toslink zu Analogen Stereo RCA R/L und 3,5 mm Klinkenstecker Audio konverter für Xbox Blu-ray DVD HD PS3 PS4 Verstärker Cinema Systeme",
B00FJXYKJK,"TEKTON 54004 4-Zoll Drehgelenk Bench Vise, 54008","292,61 €"
B00FJXYKMC,"TEKTON 53986 6 1/2"" Schraubstock für Holzarbeiten (16,5 cm)",
B00FKHN8BQ,AMSCOPE Biologischer Mikroskop Experimentierkasten mit Präparierzubehör für Kinder & Anfänger Vergrösserungseinstellungen : von 120X - 1200X 48-teiliges Set Mikroskopie,"36,19 €"
B00FM7VHUI,"Smart Weigh Kalibriergewicht-Set, enthält 50 g, 2 x 20 g, 10 g, 5 g, 2 x 2 g, 1 g und 8 verschiedene Größen, Milligramm Kalibriergewichte und eine Pinzette","62,73 €"
B00FMX7E2M,Smart Weigh Verchromt 500g C-Stahl OIML Klasse M1: ± 25 mg Kalibriergewicht mit Chrom-Finish,
B00FN6PBQY,"Master Magnetics 7580 Magnetischer Haken-Organizer, drehbarer Schaukelhaken, 65 Pfund Zugkraft: 1,47 mm Durchmesser, 0,54 mm dick, schwarz","8,50 €"
B00GRV5JNY,CAGO Thinkfun Rush Hour Junior - Traffic Jam Logic Game (2nd Edition),
B00GYS1SXU,"Sechskantmutter, aus Metall, 3 mm Innengewinde, Silberfarben, 100 Stück","8,24 €"
B00GZI7AMM,"3M Littmann 40018 Stethoskop Ersatzteil-Set, Master Cardiology, Grau","24,38 €"
B00H3CY93C,SODIAL (R) 4 Stueck weisse Kunststoff 25mm Durchmesser Moebel Ersatz Stuetzrad,"2,33 €"
B00HCBCF1W,"Sourcingmap® 6200Z Kugellager, 10 mm x 30 mm x 9 mm, doppelt abgeschirmt de","3,59 €"
B00HGAKDIQ,"10 x Kippschalter mit 2 Positionen, AC, 125 V / 3 A","9,59 €"
B00HR8H38A,"Elektromagnet, offene Bauform, DC 12 V, 1 A, 10 mm, Hub-Zug-Druck-Solenoid,",
B00HSEWNRY,"NinjaFlex PLA-Filament für 3D-Drucker (1,75 mm, Saphir, Blau",
B00HWRO744,X-Treme Tape® selbstverschweißendes Klebeband aus Silikongummi,
B00I3UA89C,Mitutoyo 500-197-30 Digimatic ABS AOS Messschieber,"182,69 €"
B00I8NM6JO,Flashforge Flashforge Creator Pro 3D Drucker,
B00IDBZ1A2,"ISpring 123Filter™ TDS-3 Handheld TDS Messgerät mit Tragetasche, 0-9990 ppm TDS Messbereich 1 ppm Auflösung, 2% Anzeigegenauigkeit #TDS3",
B00IG46NL2,Mitutoyo 500–196–30 Absolute AOS Digimatic Digitaler Elektronischer Messschieber 150 mm,
B00IIDY49E,SODIAL (R) 10 Stueck AC 125V 6A Amps ON / ON 2 Position DPDT,
B00IIW6TSY,"Carts ClaxGreen Clax Mobiler Faltwagen, klappbar","199,00 €"
B00IJ67BJA,BQLZR SCS8UU Linearbewegung Kugellager CNC Slide Bushing 34.5mm L?nge 4pcs,"12,55 €"
B00IN8TJYY,GQ GMC-300E-Plus Digital Geiger Counter Nulcear Radiation Detector Monitor Meter dosimeter Beta Gamma X ray data logger recorder realtime monitoring for personal home professional general purpose with UK wall charger,"86,17 €"
B00IRBMO9E,"Primacare Medical Supplies DS-9181 Blutdruckmessgeräte-Set mit Sprague-Rappaport-Stethoskop, Rot","24,33 €"
B00IRBMOBM,"Primacare Medical Supplies DS-9181 Blutdruckmessgeräte-Set mit Sprague-Rappaport-Stethoskop, Schwarz","21,92 €"
B00J0EE1D4,"hatchbox 1,75 mm orange PLA 3D Drucker Filament – 1 kg Spule (2,2 lbs.) – maßhaltigkeit +/-0,05 mm",
B00J0ECR5I,"HATCHBOX PLA Filament für 3D Drucker - 1,75 mm schwarz 1 kg Spule - MakerBot RepRap MakerGear Ultimaker UVM.",
B00J0GMMP6,"HATCHBOX PLA Filament für 3D Drucker - 1,75 mm weiß 1 kg Spule - MakerBot RepRap MakerGear Ultimaker uvm.",
B00J0GPC80,"HATCHBOX PLA Filament für 3D Drucker - 1,75 mm blau 1 kg Spule - MakerBot RepRap MakerGear Ultimaker UVM.",
B00J0H4EVU,"HATCHBOX ABS Filament für 3D Drucker - 1,75 mm orange 1 kg Spule - MakerBot RepRap MakerGear Ultimaker uvm.",
B00J0H3PG0,"HATCHBOX ABS Filament für 3D Drucker - 1,75 mm blau 1 kg Spule - MakerBot RepRap MakerGear Ultimaker uvm.",
B00J0H6NNM,"HATCHBOX ABS Filament für 3D Drucker - 1,75 mm weiß 1 kg Spule - MakerBot RepRap MakerGear Ultimaker UVM.",
B00J0H8EWA,"HATCHBOX ABS Filament für 3D Drucker - 1,75 mm schwarz 1 kg Spule - MakerBot RepRap MakerGear Ultimaker UVM.",
B00J0HC4QC,"HATCHBOX ABS Filament für 3D Drucker - 1,75 mm grün 1 kg Spule - MakerBot RepRap MakerGear Ultimaker uvm.",
B00J0HB1YI,"HATCHBOX ABS Filament für 3D Drucker - 1,75 mm rot 1 kg Spule - MakerBot RepRap MakerGear Ultimaker uvm.",
B00J5940JE,POR-15 40204 Prep & Ready Quart,
B00J5DZJJU,Daffodil LEC250-9W LED Schreibtischlampe mit verstellbarer Helligkeit (schwarz),
B00J5DZJGI,Daffodil LEC250 - LED Schreibtischlampe mit verstellbarer Helligkeit (weiß),
B00JEWFJJC,4M Table Top Robot by 4M,"20,76 €"
B00JR6IY4M,sourcingmap® 5 Stück 130-16140 6V 12500RPM DC Motor mit Varistor für RC-Modellbau Kleinwagen,
B00K2PXUKK,"3M Littmann 3159 Cardiology III Stethoskop, Smoke-Edition, türkis",
B00K2PXUA0,"3M Littmann 3158 Cardiology III Stethoskop, Regenbogen-Edition, lavendel",
B00K2PXUGE,"3M Littmann 3161 Cardiology III Stethoskop, Smoke-Edition, zitronengelb",
B00KGQAN3C,"Bosch GAS18V-LI Profi-Handstaubsauger (Solo-Werkzeug), Blau, 14 x 18 x 47 cm",
B00KNNSKV0,"PROZOR 192kHz DAC Konverter Digital zu Analog Audio Konverter Digital Koaxial Toslink zu Analog Stereo L / R RCA 3.5mm Audio Adapter für PS3, HD DVD, PS4, Sky, HD Plasma, Blu-ray","13,59 €"
B00KS993II,"3M Littmann 40005 Stethoskop Ersatzteil-Set, Classic II S.E, Schwarz","29,33 €"
B00L1S93PS,AmScope BS-72P-100S-22 72 Stück vorgereinigte Blanko-Mikroskop-Objektträger und 100 Stück 22 x 22 mm quadratische Abdeckgläser,
B00LGIZKMI,SODIAL(R) DC 12V 1/4 Inch Electric Solenoid Valve for Air Water,"9,13 €"
B00LLIHANU,"3D Systems 392200 Cube3 3D Drucker, Weiß",
B00M0CS1BQ,"HATCHBOX ABS Filament für 3D Drucker - 1,75 mm silber 1 kg Spule - MakerBot RepRap MakerGear Ultimaker uvm.",
B00M0CS1FC,"HATCHBOX 1,75 mm transparent schwarzes PLA-Filament für 3D-Drucker - 1 kg-Spule - Maßgenauigkeit +/- 0,05 mm",
B00M0CS68E,"HATCHBOX 1,75 mm transparent rotes PLA-Filament für 3D-Drucker - 1 kg-Spule - Maßgenauigkeit +/- 0,05 mm",
B00M1OPULW,Carson IS-100 HookUpz Universal Smartphone Digiscoping Digiskopie Adapter Fotoadapter für Ferngläser/Teleskope/Mikroskope/Spektiv,
B00MEZDPS8,"HATCHBOX PLA Filament für 3D Drucker - 1,75 mm pink 1 kg Spule - MakerBot RepRap MakerGear Ultimaker uvm.",
B00MEZEEJ2,"HATCHBOX 1,75 mm silbernes PLA-Filament für 3D-Drucker - 1 kg-Spule - Maßgenauigkeit +/- 0,05 mm",
B00MEZE7XU,"HATCHBOX 3,00 mm Schwarzes PLA-Filament für 3D-Drucker - 1 kg-Spule - Maßgenauigkeit +/- 0,03 mm",
B00MEZEFVO,"HATCHBOX 1,75 mm goldenes PLA-Filament für 3D-Drucker - 1 kg-Spule - Maßgenauigkeit +/- 0,05 mm",
B00MJVQR7I,"1 Meter 50 mm Dia 2:1 Wärme schrumpfbar Schrumpf Schlauch, Schwarz de","7,29 €"
B00MN5X07U,"BuildTak BT12X12-3PK Druckoberfläche für 3D-Modelldruck, quadratisch, 30,5 x 30,5 cm, Schwarz, 3 Stück","64,83 €"
B00MN5X304,"BuildTak BT65X65-3PK Druckoberfläche für 3D-Modelldruck, quadratisch, 16,5 x 16,5 cm, Schwarz, 3 Stück","22,67 €"
B00MN5X4RQ,"BuildTak BT45X45-3PK Druckoberfläche für 3D-Modelldruck, quadratisch, 11,4 x 11,4 cm, Schwarz, 3 Stück","16,44 €"
B00MN5X2YG,"BuildTak BT08x08-3PK Druckoberfläche für 3D-Modelldruck, quadratisch, 20,3 x 20,3 cm, Schwarz, 3 Stück","27,05 €"
B00N36F5BM,"ChromaLabel Warnaufkleber, 10 x 10 cm, fluoreszierend, Rot-Orange, 250 Etiketten pro Rolle","16,33 €"
B00N41EYJA,Sourcingmap Repair Part entgratet a12062500ux0462 BS1010 S10 Werkzeug mit Klingen (10 Stücke),
B00N582CBY,"FiberFix Hitzeschutzband, 5 cm x 178 cm","46,67 €"
B00NX1WBA0,"608ZZ Miniaturkugellager, abgeschirmt und geschmiert, 10er-Pack",
B00NXJDQV0,FLIR TG165 Wärmebild IR-Pyrometer für den Allgemeinen Gebrauch,
B00O1Q2HOQ,UNI-T UT210E True RMS AC / DC Strom Mini-Strommesszange Mit Kapazität Tester,"56,99 €"
B00O2O5SS4,Matter and Form 3D Scanner,
B00OCG91IK,XYZprinting da Vinci 1.0 AiO All-in-One 3D-Drucker (Scan/Edit/Print),
B00OK6CBMU,sourcingmap® 2 STÜCK Typ K 0-400 C Temperatursensor Thermoelement-sonde 2 Meter 2m de,"5,35 €"
B00OK9BV8W,sourcing map 5 Stücke KW4-3Z-3 SPDT NO NC Momentan Endschalter Grenzschalter Mikro Schalter,"3,71 €"
B00OOQC2E8,Yosoo GM328 LCD Display Transistor Prüfgerät ESR Meter Cymometer Square Wave Generator,
B00OUFX38W,Tonor Netzwerktester Kabeltester Netzwerk Patchkabel Tester Prüfer Testgerät Leitungstester für RJ45 RJ11-Kabel RJ12 CAT5 UTP CAT 6,
B00OY1E6LA,"Glue Dots Doppelseitige Micro Klebepunkte, Rolle mit 325 Punkten, Permanent, Rund, 3 mm, Vielseitige Verwendung, DIY Basteln, Karten Gestalten und Verzieren","6,82 €"
B00PFXK4JY,XTC-3D High Performance Beschichtung für 3D-Drucke 644 g -,"44,50 €"
B00PNEQ9T4,STEPPERONLINE Nema17 Schrittmotor 26Ncm 1.8deg w/ 1m Kabel & Verbinder 12V 0.4A für CNC 3D Drucker und Roboter,
B00PPMU3XM,MeasuPro IRT20 Infrarotmesspistole kontaktfreies Infrarot-Thermometer mit Laserpointer,
B00PQD7GRQ,"eSUN PETG-Filament, Natur, 1,55 kg","31,91 €"
B00PZX2AC8,"Sourcingmap Rollen für Einkaufswagen a14071600ux0660, ca. 3,8 cm, mit Bremse und Lenkrolle – Schwarz (4 Stück) de","29,40 €"
B00PZY11IQ,"Sourcingmap A14082700UX0095 Rechts, Knüpfhaken Antik Holz, Mit Überfalle Und Riegel, Bronzefarben, 20 Stück","12,10 €"
B00Q4MLPEI,"Rubbermaid Commercial Products 1901998 Slim Jim Step On Metall-Tretabfalleimer mit Pedal an der Schmalseite, 50 L, Weiß",
B00Q4MO4C8,Rubbermaid Commercial Products Slim Jim 1883602 50 Litre Front Step Step-On Resin Wastebasket - Grey,
B00QYX6F5G,HDE Berührungsloses Infrarot-Thermometer,
B00QZ67T3O,"Philips Sonicare 3 Series Gum Health Sonic Electric Toothbrush, HX6631/02 by Philips Sonicare",
B00RLRS0M0,Joseph Joseph Scoop&Pick - 2-teiliges Löffel-und-Gabelspieß-Set - grün,"9,99 €"
B00SH4F0LK,"PerfectPrime TC41, 4-Channel K-Type Digitale Thermometer Thermokoppel Sensor -200~1372 °C/2501 °F, 20 x 4 Datalog Opslag Functie",
B00SQ63IWC,"Little Wigwam The Solar System Poster""No Tear Guarantee"" (60 x 42 cm)","9,07 €"
B00STUMYZC,VELLEMAN - K8400-BT BuildTak 3D Print Bett Oberfläche für K8400 169215,
B00SX3T2LO,"POWERTEC 17000 Werkbank-Rollen-Set mit Polyurethan-Rädern und 180 kg Gesamtbelastung, 4 Stück","73,83 €"
B00SXVUETU,"SainSmart Nano Arm DS202 Tragbare Mini Handkamera Digital Speicher Oszilloskop, 8MB 2MHz 10Mps",
B00SYG035Y,DaVinci RF10BXEU01C Kompatibel Tintenpatronen Pack of 1,"34,11 €"
B00T9RANUC,Flir C2 Kompakte Wärmebildkamera,"499,00 €"
B00TGOOU20,sourcing map 20Stück Schwarzem Gummi USB-A Typ Female Anti Dust Stecker Stopper Abdeckung DE de,"10,97 €"
B00TI3JUWO,"SainSmart TPU 3D-Drucker Filament, 1,75 mm, 0,8 kg, klar","31,99 €"
B00TTYCZOW,"Original BMW Natural Air Innenraumdüfte - Refill Kit Balancing Amber, Duft, Geruch","10,55 €"
B00TW1K8AA,8 Ball Delrin Münze Ring macht Ball Sortiment,
B00U5H6VBA,WRAPEAT REUSABLE FOOD SNACK WRAP PACK-X3 MULTIPACK FOR LUNCH BOXES AND LUNCH BAGS by WrapEat,
B00U8VD74M,Nitrilhandschuhe Purple Nitrile-xtra 50 Stück,
B00UJD3D2K,"Getränkehalter von Carryaround, klappbar, Halterung für Becher/Kaffeetasse/Bierglas/Softdrinks – robustes Mehrweg-Taschenformat– unverzichtbar auf Festivals – einfach und sicher für heiße Getränke – perfekt für Sport-Fans (zufällige Farbe). Random Colours","10,30 €"
B00UNB6ODS,"FLIR Schutztasche für TG165 Wärmebild-IR-Pyrometer, 1 Stück, TA13","54,29 €"
B00UTIFCVA,BQLZR AB Phase Encoder 6mm Shaft 600P / R Inkremental Dreh für Längenmessungen,"24,56 €"
B00UW0AXUA,3Doodler Nozzle Set and Holder for Create & 2.0,"14,45 €"
B00V9N8CCU,"NCD Medical Schere für Bandage Rainbow Finish 5,5 ""","22,82 €"
B00VRULLQE,*480 Linear Feet* 3D Pen Filament Refills - 100 STENCIL E-BOOK & Glow In The Dark Color -1.75mm 24 PACKS 2 x 12 Different Colors and Free Spatula Included 7TECH,
B00VSNG8NG,MDF® MD One - Premium Zweikopf-Stethoskop aus rostfreiem Stahl - Gratis-Parts-for-Life & Lebenslange-Garantie - Schwarz Roségold (MDF777RG-11),
B00W5PRY52,"FLIR ONE Thermoimager Parnet, Android, schwarz, 5.30 x 1.90 x 4.50 inches",
B00W75P3AI,XYZprinting RFPLCXEU00D Nature PLA Filament Patrone für 3D-Drucker 600 g,"28,27 €"
B00W94NETO,testo 550 Set - Digitale Monteurhilfe,
B00W9C37VG,"5"" Spring Bar Link Pin Remover Uhrmacher Werkzeug mit Extra 420 Stahl Pins",
B00WB02F6Y,"Yosoo Sportbandage, für Knie, Oberschenkel oder Wade, zur Kompression bei Verletzungen und Schmerzen, schwarz, hohe Elastizität, 1 Stück",
B00WISVBYQ,"Uniburr 1819 – Standard-Entgrater-Bit, klein",
B00WIT9KJ8,"Uniburr 1816 Plus Gewinde-Entgratwerkzeug, klein",
B00XBLLG5S,LHI 10 Paar XT-60 XT60 Männlich Weiblich Rundstecker Stecker für RC Lipo Akku,"8,82 €"
B00XH8RQVS,AIRCAST Pneumatische Armband – Schwarz,"27,16 €"
B00XN4111W,"PH Pen Tester, THZY Hohe Praezision Hosentasche Groesse pH-Meter mit ATC (Automatische Temperaturkompensation) Backlit Licht LCD 0-14 pH Messbereich, Aufloesung 0,01 pH-Handheld Pen Tester",
B00XQF6PEQ,Patanjali Dant Kanti Toothpaste(Pack of 5),
B00XT683UG,"pH-Test-Streifen 0-14, Universelle Teststreifen für, Urin, Speichel, Wasser, Pools, Jacuzzis, Hydrokulturen, Böden, Aquarien, Kombucha-Tee, basische Ernährung + BONUS-PDF Lebensmitteltabelle, sekundenschnelle Ergebnisse, 100St","14,08 €"
B00XXZB5LW,"DSO138 Open Source 2.4"" TFT 1Msps Digital Oscilloscope Kit with DIY parts with Probe",
B00XZ2EO84,"Dr. Bronner‘s Pfefferminz-Zahnpasta All-One, 142 ml","13,96 €"
B00Y8T9YZG,Elitech 220V Digitaler Temperaturregler Thermoelement -50 ℃ bis 99 ℃,
B00YQARZ5S,"Radex One persönlicher Geigerzähler, kompakt, Strahlungsmesser",
B00ZB48NZE,"HATCHBOX 1,75 mm transparent gelbes PLA-Filament für 3D-Drucker - 1 kg-Spule - Maßgenauigkeit +/- 0,05 mm",
B00ZB48M8C,"HATCHBOX 1,75 mm transparent oranges PLA-Filament für 3D-Drucker - 1 kg-Spule - Maßgenauigkeit +/- 0,05 mm",
B00ZB48IZE,"HATCHBOX 1,75 mm transparent grünes PLA-Filament für 3D-Drucker - 1 kg-Spule - Maßgenauigkeit +/- 0,05 mm",
B00ZBH45T4,"JVCC FELT-06 Polyester-Filzband: 2 in. x 15 ft. (1mm dicke, Schwarz)","11,61 €"
B00ZBH3QIU,"JVCC FELT-06 Polyester-Filzband: 1 in. x 15 ft. (1mm dicke, Schwarz)","7,38 €"
B00ZF7AHF6,Yosoo 1000 Stück Edelstahl Brillen Uhr Reparatur Schraube Ersatz Kit Set Winzige Schrauben Nuss Sortiment Repair Tool Kit Set,"13,99 €"
B00ZOEJ9QI,Sehen Sie Band Link Remover Pin Tool Kit 5St,
B00ZQC6W1I,"Bismut Wismut Metall 100 Gramm Barren ein Stück 99,9% Reinheitsgehalt Kristall crystal bismuth","15,80 €"
B01076MRCU,GAINWELL Landstar Waschtischarmatur Wasserhahn Einhebelmischer Waschbeckenarmatur mit Zubeh?r,
B010BWOOXA,EXELint 50ml Sterile Disposable Syringe (1),"16,97 €"
B010MX7YX0,WRAPEAT REUSABLE FOOD JUMBO WRAP PACK-X3 MULTIPACK FOR LUNCH BOXES AND LUNCH BAGS by WRAPEAT,
B010MXJ762,WRAPEAT REUSABLE FOOD SUB & TORTILLA WRAP PACK-X3 MULTIPACK FOR LUNCH BOXES AND LUNCH BAGS by WRAPEAT,
B010RJUDZA,"Passionate Care Premium Stethoskop: Tragen Sie den Respekt, der mit dem besten klassischen Kardiologie Stethoskop kommt. Sie werden alles hören, weiche Ohrstöpsel und dem klarsten Klang! Von Passionate Care",
B010SLSK48,Slipstick CB681 Universal Möbelrollen Gummirollen Lenkrollen Laufrollen Bodenschutz Rollen mit Anschraubplatte und Hülse Stift 4 Stück,"17,52 €"
B010Y25PQC,"SUN-E eSun 3D Filament - PETG, 1Kg, 1.75/3.00mm zur Auswahl, Druck Tempe. 230-250℃, für 3D Drucker z.B. MakerBot RepRap MakerGear Ultimaker Mendel Huxlep UP Thing-o-matic, Universal",
B010Y25QZ2,"SUN-E eSun 3D Filament - PETG, 1Kg, 1.75/3.00mm zur Auswahl, Druck Tempe. 230-250℃, für 3D Drucker z.B. MakerBot RepRap MakerGear Ultimaker Mendel Huxlep UP Thing-o-matic, Universal",
B0111ZSS2O,KOOKYE 3D-Drucker Controller Komplettset (RAMPS 1.4 + 12864 LCD + Mega2560 + 5 Stück A4988 Schrittmotortreiber),
B011EOR2IS,"PerfectPrime IR0002, Infrarot-Wärmebildkamera und Kamera für sichtbares Licht mit einer IR-Auflösung von 3600 Pixel und einem Temperaturbereich von -20 bis 300°C und einer Bildwiederholfrequenz von 9 Hz",
B011I9O7BE,DN M4 Edelstahl 304 Hook & Eye Spanner Seilspann Packung mit 5 Stück,"7,99 €"
B011KM56QE,"Sprühflaschen von Juvale (6 Stück) - Ideal für Pflanzen in Haus und Garten, Wäsche, Autoreinigung - Kunststoff, Sprühkopf Rot, Flaschenrumpf Transparent - 500 ml/16 oz",
B011RZDAKS,"Forearm Forklift FFMCVP MovXing - Möbeltragegurt, FFMCVP",
B012938E76,"Rigol DS1054Z Digital Oscilloscopes - Bandwidth: 50 Mhz, Channels: 4 by Rigol",
B012APXT96,"Kräftiges Klebeband, Grau, 241309 0W","9,19 €"
B0132ZPXTC,"3M Littmann 40003 Stethoskop Ersatzteil-Set, Cardiology III, Schwarz",
B013E9L4ZS,"iRobot Roomba 980 Staubsaugerroboter, Ø 35 x 9 cm",
B0144BVSN8,"Sunreek bernsteinfarbene Glasfläschchen, Euro-Tropfer, schwarzer Verschluss, 15 Stück, je 5 ml","11,99 €"
B01455QMX4,"JVCC FELT-06 Polyester-Filzband: 3/4 in. x 15 ft. (1mm dicke, Schwarz)","9,36 €"
B0147RA2PY,HiFiBerry DAC+ Standard RCA Version - Soundkarte für Raspberry Pi mit Cinch Anschlüssen,"32,63 €"
B0148M7P4O,"Calculated Industries 7434 AccuMaster 2-in 1 magnetisch Digitale Wasserwaage und Winkelmesser/Neigungsmesser/Bevel, neuesten MEMS Technologie, zertifiziert IP54 Staub und Wasser beständig",
B014GVC3SA,"3M Littmann Stethoskop Ersatzteil-Set, Classic II Kinder Membran mit Ringen, 40012","18,67 €"
B014GVCGLE,"3M Littmann 40022 Stethoskop Ersatzteil-Set, Master Classic, Schwarz","24,52 €"
B014GVC240,"3M Littmann 40017 Stethoskop Ersatzteil-Set, Classic III, Grau","28,69 €"
B014SB12Q2,XCSOURCE® 3D-Drucker MK8 Extruder Aluminium Rahmen Block DIY Kit Reprap i3 Alle Metall BI090,
B014VM991I,"hatchbox 3D petg-1kg1.75-grn PETG 3D-Drucker Filament, maßhaltigkeit +/-0,05 mm, 1 kg Spule, 1,75 mm, grün",
B014VM98DC,"hatchbox 3D petg-1kg1.75-red PETG 3D-Drucker Filament, maßhaltigkeit +/-0,05 mm, 1 kg Spule, 1,75 mm, rot",
B014VM9BWU,"hatchbox 3D petg-1kg1.75-pur PETG 3D-Drucker Filament, maßhaltigkeit +/-0,05 mm, 1 kg Spule, 1,75 mm, Violett",
B014VM9724,"HATCHBOX 1,75 mm weißes PETG-Filament für 3D-Drucker - Spule 1 kg (2,2 lbs.) - Maßgenauigkeit +/- 0,05 mm",
B014VM96UM,"HATCHBOX 1,75 mm blaues PETG-Filament für 3D-Drucker - Spule 1 kg (2,2 lbs.) - Maßgenauigkeit +/- 0,05 mm",
B014VM95IK,"Hatchbox PETG 3D-Drucker-Filament, Pack of 1, Schwarz, 1",
B015FK1EH2,Elitech Gasleckdetektor Luftprüfung Autokältemittel-Lecksucher WJL-6000,"23,20 €"
B015GDDXJA,PrinThink A8-W5 (HB-A8-W5),
B015I1D1JM,"HATCHBOX 1,75 mm kupferrotes 285 C PLA 3D-Drucker-Filament - 1-kg-Rolle - Dimensionale Genauigkeit +/- 0,05 mm",
B015I1CYFE,"HATCHBOX 1,75 mm grau CG6C PLA 3D-Drucker-Filament - 1-kg-Rolle - Dimensionale Genauigkeit +/- 0,05 mm",
B015I1CZUI,"HATCHBOX 1,75 mm beige 720 C PLA 3D-Drucker-Filament - 1-kg-Rolle - Dimensionale Genauigkeit +/- 0,05 mm",
B015W8D9EI,"eBoot Plastiktüte Tütenverschluss Verschluss Tüten Verschlussclips für Küche Essenslager, 16 Stück",
B015Z1964O,Sourcingmap a12050500ux0030 Aluminium Fall 50 W Watt 25 Ohm Chassis montiert Wirewound Widerstand – Grün (1),
B0166QZ5HO,Sintron] 5 Pcs A4988 StepStick Compatible Stepper Motor Driver Module with Heat Sink for 3D Printer Controller RAMPS 1.4 Arduino Mega Pololu Shield Arduino RepRap,
B016B34H26,Teensery 25 Stück Kunststoff Leer squeezable Auge Flüssigkeit Tropfer Flaschen Fallenlassen Flaschen (20ml),
B016R9E7J2,Flashforge Flashforge Finder 3D Drucker,
B016WK9Y3A,"hbarsci hbarbeakerset Labor Kunststoff Becher, aus Premium-Polypropylen mit erhabenen Graduierung, 50 ml, 100 ml, 250 ml, 500 ml und 1000 ml (autoklavierbar), Set von 5","20,48 €"
B016XGZC3E,sourcingmap® 12stk DIY Doppelseitiger Kupfer verkleidet Laminat PCB Platine 100x70mm de,"15,09 €"
B017J1J4DQ,Lazer Bond - Liquid Resin That Seals in Only 3 Seconds by Lazer Bond,
B017JBWE2E,MDF LUMiNiX ILLUMINATOR Arzt diagnostische penlight (MDF611-29),"17,30 €"
B017JCM1WG,MDF® MD One® - Premium Zweikopf-Stethoskop aus rostfreiem Stahl - Gratis-Parts-for-Life & Lebenslange-Garantie -Weiß Roségold (MDF777RG-29),"85,76 €"
B017NN0HQS,Seek Thermal Reveal Tragbare Wärmebildkamera mit Integriertem Hochleistungs-LED-Licht mit 300 Lumen - Schwarz/Blau,"409,86 €"
B017OVC2QM,"Fluke AC/DC TRMS Wireless Stromzange mit iFlex, 4695861","461,73 €"
B017R4OP3Y,"Anycubic 3D Printer PLA Filament für 3D Drucker - 1,75mm - 1kg Spule (Beige)",
B017XGEDOM,Buildtak BT30185 Spatula,"21,90 €"
B01823WXP6,"Lazer Bond – flüssigen Kunststoff Harz, die Dichtungen in Sekunden mit UV-Licht. by bulbhead, 10046",
B018298ZLG,Abschirmgewebe Strahlenschutz Von NASAFES ® - Wlan Schutz durch Elektrosmog Abschirmung Für Optimalen Emf Schutz - Für Elektrosmog Schutz & Strahlenschutz Handy - Leitendes Gewebe Absorbiert Emf,"39,95 €"
B018HGC1SW,"JVCC Gaff-Color-Pack Gaffers Tape Multi-Pack: 1/2 in. x 50 yds. 5 Rolls/Pack (Fluorescent Blue, Fl. Green, Fl. Orange, Fl. Pink, Fl. Yellow) by J.V. Converting","50,76 €"
B018I08UKU,"20Stück 29,5mm 18,5mm PVC Schrumpfschlauch für 1x 18650/18500Akku de",
B018ITTFDM,"Keramik-Magnete - X-bet MAGNET ™ 100 Stück Kühlschrankmagnete - 18x5 mm Magnete rund - Ferrit Magnete stark - Magnete Klein perfekt für Whiteboard, Magnettafel, Haftmagnete, Kühlschrank Magnete",
B018J40IKU,"HealthyWiser digitaler pH-Meter + Extra-Set mit pH-Puffer-Puder, pH-Stift testet Wasser, Aquarien, Pools, Hydrokulturen, mit Taste zur automatischen Kalibrierung, Skala von 0,00-14,00, lila",
B018MG4SFQ,"MG Chemicals 3D-Drucker-Filament, Holz, 1,75 mm, 1 kg, 1.1 Pound, holz, 1","19,84 €"
B018RDZ3HG,"Kupfer Klebeband mit leitfähigem Kleber 11m x 25mm - Kupfer Schneckenband gegen Schnecken, EMI Abschirmband, Elektro Reparatur Band, für Glasmalerei & Papier Schaltkreise - extra langes Kupferband","12,90 €"
B018VO5GIW,"Testo Smart Probes Kälte Set (2 x 549i/2 x 115i), 0563 0002",
B018XJ0JXC,"[-50 ° C ~ 650 ° C / -58 ° F ~ 1202 ° F] Dr.Meter Lasergrip IR-40 Dual-Laser Berührungslose Digital IR Infrarot Thermometer Pistole Temperatur-Gun, 9V Batterie inkl. Gelb",
B0193KKJTO,"Vuzix iWear – Video-Kopfhörer (unterstützt Video-2d/3d, 16: 9, USB, 1280 x 720 Pixel) schwarz",
B019CY4FB4,Klein Tools Digitale Stromzange CL800 mit automatischer Bereichseinstellung,"135,35 €"
B019PCG0MA,JVCC REPAIR-1 Leather and Vinyl Repair Tape: 3 in. x 15 ft. (Black) by J.V. Converting,"15,31 €"
B019PCG5YS,JVCC Repair-1 Reparaturband in Reisegröße: 2 in. x 15 ft. (Also),"11,37 €"
B019PCG6BA,JVCC Repair-1 Reparaturband in Reisegröße: 3 in. x 15 ft. (Also),"15,31 €"
B019PCG2NW,JVCC REPAIR-1 Leather and Vinyl Repair Tape: 2 in. x 15 ft. (Brown) by J.V. Converting,"7,80 €"
B019SXN2M2,kookye Mega328 Transistor Tester Diode Triode Kapazität ESR Meter MOS/PNP/NPN L/C/R mit klarer Fall,
B019VSI9S6,Anycubic Delta Rostock 3D Drucker Zusammenbauen Kossel Kit Große Druckgröße φ180x300mm (pulley Version),
B019ZEIJYU,"sourcing map Edelstahl Rund-Kopf Kreuzschlitz Maschine Schrauben , M8 x 50mm 304, 5 Stück",
B01A81FXMK,"Foreasy 3D-Drucker-Werkzeug zum Entfernen von 3D-Drucken, verbesserte Version 2er-Set",
B01A9KIGSI,Thermal Grizzly TG-C-001-R Conductonaut Flüssigmetall Wärmeleitpaste - 1 Gramm,"10,39 €"
B01ABXS42Q,"Packatape | Paketklebeband braun | 66m lang & 48mm breit | Ideal als Klebeband, Paketband, Verpackungsmaterial & Packband | 6 Rollen","8,99 €"
B01ADA7TPU,Crenova SH-01 Hochbeanspruchbare Gartenschere Bypass Handgartenschere Baumschere Handwerkzeuge für Gartenarbeit Beschnitt,
B01ATL97U8,"Ozark Trail TT-57 Xi-26-D 76064P Utility Strap mit Schnellverschluss-Schnalle, 182,9 cm L, schwarz, 4 Stück","8,87 €"
B01B1FN44Q,"Unterwasser Taschenlampe, Volador 1000 Lumen Unterwasser 150m wasserdicht Submarine Licht",
B01B1WZJEW,"Carbon 60 Olive Oil C60 Supplement Kohlenstoff 60 Olivenöl 90 mg / 100 ml Nahrungsergänzungsmittel Bio 99,9+% Lösungsmittelfreies C60oo Lipofulleren Lipofullerene By Good And Cheap",
B01B7OYTNQ,"Wheeler 1006352-SSI Wheeler Engineering Professional Digital Trigger Gauge - Multi, N/A","88,02 €"
B01BD8NFKY,"8 in 1 Kunststoff griff Nylon antistatische Bürste Reinigungsbürste Kit für Tastatur, Schwarz",
B01BDL4NKM,"Micro Swiss Plated Wear Resistant Nozzle MK10 FlashForge, Dremel, PowerSpec, Wanhao, Monoprice, Cocoon Create 0.4mm","20,39 €"
B01BMVNKY8,Ajona Stomatikum Zahncreme 25Ml (2 Stück),"5,97 €"
B01BZ5ND8O,"1.75mm Schwarz PLA 3D Drucker Filament, 1 kg Spule (2,2 lbs)",
B01C3HEQZC,Micro Swiss MK10 All Metal Hotend Kit .4mm,"37,59 €"
B01CL1FCNA,3Doodler Start Essentials Amazon Exclusive 3D Pen Set for Kids,
B01CL1FCLM,3Doodler Start Super Mega 3D Pen Set For Kids,"49,99 €"
B01CWYESZE,"Himalaya Botanique Toothpaste - Natürliche Zahnpasta ohne Fluorid, SLS, Gluten & Carrageenan - Entfernt Plaque, Mundgeruch, verhindert Karies und Zahnfleischbluten (Simply SPEARMINT, 1-Pack)","7,99 €"
B01CWYERMS,"Himalaya Botanique Toothpaste - Natürliche Zahnpasta ohne Fluorid, SLS, Gluten & Carrageenan - Entfernt Plaque, Mundgeruch, verhindert Karies und Zahnfleischbluten (Simply PEPPERMINT, 1-Pack)","7,99 €"
B01CX8HBN0,1.75mm roter PLA 3D Drucker Filament - 1kg Spule (2.2 lbs) - Maßgenauigkeit +/- 0.03mm,
B01CY0YPYU,"Xpassion Nylon-Bürsten-Set aus Nylon, 20 Stück, für Trinkhalme, Gläser, Tastaturen, Schmuck, antistatische Bürsten, Becherreinigungsbürsten",
B01D9JG0VQ,AVANTEK -50 bis +850°C Laser Infrarot Thermometer Pistole Thermometer LCD Beleuchtung Hausgebrauch und Industriemessungen für Küche oder Grill inkl. 9V Batterie,
B01DOTB0XE,180 St Wirefy Wärmeschrumpf-Stoßverbinder Kabelverbinder Quetschverbinder - Wasserdichte Draht-Verbindungsstücke - Automobil Marine Grad Elektrische Anschlüsse - Crimp-Stoßverbinder-Kit,
B01E1HANLS,Micro Swiss -All Metal Hotend with SLOTTED block for Wanhao i3 0.4mm,"52,06 €"
B01E8J01I4,Yontree® Handy-Sealer Handschweißgerät Folienschweißgeräte,
B01ENFOIKA,"Apera Instruments PC60 Premium 5-in-1 Multiparameter-Messgerät (pH-Wert, Leitfähigkeit/EC, TDS, Salzgehalt, Temperatur, pH 0,01/1 % Genauigkeit, austauschbare Elektrode, wasserfest)","184,05 €"
B01ENFONGE,"3M Littmann 40008 Stethoskop Accessory Kit, Grau","24,99 €"
B01ENFOIQE,"Apera Instruments PH60 Premium pH-Meter (Genauigkeit pH ±0,01, Messbereich pH -2,0-14,0, austauschbare Elektrode, wasserfest, Temperaturanzeige)","94,80 €"
B01ENFOHN8,"Apera Instruments PH20 pH-Meter, Messgerät im Taschenformat (±0,1 pH-Genauigkeit, 0 -14 pH-Messbereich, wasserfest, Temperaturanzeige) Set inkl. Kalibrierlösungen","47,97 €"
B01ESYG6B0,"Apera Instruments SX610 pH-Meter (pH ±0,1 Genauigkeit, Messbereich pH 0-14, Temperaturanzeige, wasserfest, kompakt)","76,47 €"
B01EWQZMUU,"Mpow Gaming Headset für PS4 Xbox One PC, Gaming PC Headset mit Mikrofon,7 Farbe RGB-LED Light, Surround-Sound,Over-Ear Kopfhörer für Computer Laptop Mac Handy Tablet Nintendo Switch Spiele",
B01F5DWV8K,"Vapker Reparaturelemente für Brillen, Sonnenbrillen, Schraubwerkzeug-Set zur Reparatur von Armbanduhren mit Schraubenzieher aus Edelstahl, 1000 Stück","6,89 €"
B01F9OYUT8,"Hals Zugvorrichtung - Aufblasbare Halskragen / Nackenstütze - Zervikale Traktion Nackenkissen gegen Kopf- und Schulterschmerzen - Verbesserte Version mit verstellbarer Größe, größerer Pumpe & längerem Klettverschluss - Von Ärzten Emfohlen - halskrause aufblasbar",
B01FJ9LUO6,creker 3D-Drucker Filament Halter Extra glatten 3D Filament Spule Halterung mit Kugellager Neues Design,"22,65 €"
B01FYVEJMY,ANGGO Berührungslos-Digital-Infrarotthermometer-Temperatur-Gun mit EMS Einstellbare (-58 °F to 716°F),
B01GCJJBBG,"Volca - ILIFE & MEDION Saugroboter Ersatzteile Zubehör, 10 Stück Hepa Filter","15,99 €"
B01GVSC55C,"Hängewaage 300Kg für Landwirtschaft, Jagd, Bogenzuggewicht, großer Fisch- und Hoyerlift mit präzisem Sensor (Aluminium-Hochleistungskoffer, digital)",
B01GWLQK4A,JVCC REPAIR-2HD Leder & Vinyl Reparaturband: 3 in. x 15 ft. (Dunkelgrün),"12,35 €"
B01GXQMP66,270 ST Wirefy Wärmeschrumpf - Stoßverbinder Set Elektrische isolierte Drahtklemmen Marine KFZ Stoßspleiße Kabelverbinder Quetschverbinder Lötverbinder Lötdichtungen Lötverbinder Wasserdicht,
B01GZFQM3M,Plusinno® 3D Drucker Stift DIY Scribbler 3D Stereoscopic Printing Pen mit LCD-Bildschirm + 13 PLA Filament (10 verschiedene Farben) + 10 Papier Modelle für die Praxis der EU,
B01HAXUE9G,"Diagnostische Pupillenleuchte Medizinische Penlight, CAVN (2-STÜCK) Diagnostikleuchte Wiederverwendbare Medizinische LED Stiftlampe mit Schüler Manometer für Krankenschwestern Ärzte mit Taschenclip","7,99 €"
B01HAXUHQ6,"Diagnostische Pupillenleuchte Medizinische Penlight, CAVN (2-STÜCK) Diagnostikleuchte Wiederverwendbare Medizinische LED Stiftlampe mit Schüler Manometer für Krankenschwestern Ärzte mit Taschenclip","7,99 €"
